Variable,DH Treated,N (DH Treated),DH Control,N (DH Control),Difference,Std Error,p-value,Significant
PCI,59.74046192259676,801,60.18989937106918,795,-0.4494374484724233,1.350124108631096,0.7392641045873871,False
Per Capita Income,58090.95533498759,806,58136.84519350812,801,-45.889858520524285,1332.309402364322,0.97252750551001,False
Share College+,0.48543591687891213,806,0.4870800709198536,801,-0.0016441540409414812,0.010180810553771095,0.8717235625573274,False
Share Hispanic,0.26119785818804536,806,0.25938375864216573,801,0.0018140995458796327,0.01006574558059457,0.8569986416548275,False
Share White (NH),0.46505061043041995,806,0.46993914426211064,801,-0.004888533831690689,0.013158327036841633,0.7103020139933686,False
Share Black (NH),0.0520951143495048,806,0.05355254953790378,801,-0.001457435188398984,0.003621196256228593,0.6873892576337268,False
Share Asian (NH),0.1527349590437026,806,0.14814389333681657,801,0.004591065706886027,0.007240687774540335,0.5261288864201091,False
