Variable,DH Treated (in D2DS),N (DH Treated (in D2DS)),DH Control (in D2DS),N (DH Control (in D2DS)),Difference,Std Error,p-value,Significant
PCI,54.95179916317991,478,55.79593291404612,477,-0.8441337508662059,1.7644949655726354,0.63247554152701,False
Per Capita Income,58507.51767151767,481,58358.71933471933,481,148.79833679833973,1890.3487410161033,0.937275920912696,False
Share College+,0.47642084884761826,481,0.47670940810194434,481,-0.00028855925432608176,0.013435870877294856,0.9828697884786071,False
Share Hispanic,0.2609675464293978,481,0.2607104635420686,481,0.00025708288732917417,0.012462716828400432,0.9835465653824649,False
Share White (NH),0.45946188996269494,481,0.46142424921238634,481,-0.0019623592496914033,0.01709037085476013,0.9086098206802775,False
Share Black (NH),0.052752813379026306,481,0.05514330029621803,481,-0.0023904869171917226,0.004565714184753268,0.60069619271424,False
Share Asian (NH),0.1579483867168855,481,0.153667885312809,481,0.004280501404076487,0.009923896948296764,0.6663233385484153,False
