Variable,D2DS,Non-D2DS,Difference,Std Diff,Balanced
PCI,56.22565217391305,75.2313679245283,-19.005715750615252,-0.8093089533075158,False
Per Capita Income,50269.44086021505,55384.799065420564,-5115.3582052055135,-0.24454633449347205,False
Share College+,0.4307262227398536,0.46028646522572725,-0.029560242485873633,-0.1385785999719434,False
Share Hispanic,0.35444583023620013,0.31137619505482383,0.0430696351813763,0.18206492255588108,False
Share White (NH),0.343604546602111,0.41494911273197804,-0.07134456612986706,-0.28599240582655994,False
Share Black (NH),0.06179607923154907,0.046407779209288756,0.015388300022260312,0.2318189519075155,False
Share Asian (NH),0.1693119652567885,0.16652286325731974,0.002789101999468746,0.02074062035357583,True
