Variable,DH Treated,DH Control,Difference,Std Diff,Balanced
PCI,71.06828571428571,71.38481481481482,-0.31652910052910954,-0.013784544264644904,True
Per Capita Income,53543.135714285716,54789.175182481755,-1246.0394681960388,-0.05654377981340056,True
Share College+,0.45092545665942796,0.46053317956265144,-0.009607722903223481,-0.044213521943909526,True
Share Hispanic,0.31958976704651143,0.3088523057700619,0.010737461276449534,0.043883782393435856,True
Share White (NH),0.4016148345783494,0.4046420802649757,-0.003027245686626323,-0.01108529806072932,True
Share Black (NH),0.052534847117576965,0.05123031272434942,0.0013045343932275438,0.01917670703889157,True
Share Asian (NH),0.1608110543842097,0.17114397991450273,-0.010332925530293025,-0.0759704232941587,True
