Variable,DH Treated (in D2DS),DH Control (in D2DS),Difference,Std Diff,Balanced
PCI,60.263939393939395,54.95833333333334,5.305606060606053,0.207717256590439,False
Per Capita Income,50338.90909090909,49620.833333333336,718.0757575757525,0.03515589792630445,True
Share College+,0.4431499080189335,0.43657863364909016,0.0065712743698433385,0.028786536564716213,True
Share Hispanic,0.30986348127785457,0.3398444217702861,-0.02998094049243155,-0.13764114761906907,False
Share White (NH),0.36991144060412223,0.3551951390897084,0.014716301514413832,0.06064060134854011,True
Share Black (NH),0.07245191511468645,0.06837511633747335,0.004076798777213092,0.050752296488676005,True
Share Asian (NH),0.1684704181339146,0.15882854421968712,0.009641873914227495,0.0742451109667477,True
