scenario,addr_buffer_m,sfh_min,n_segments,sum_sfh_addresses,median_seg_len_m,median_addr_density_per_100m,addresses_initial,addresses_after_zoning,addresses_after_cpd,addresses_final,addresses_filtered,zoning_mode,zoning_codes_n,cpd_exclude_n
b25_m4,25,4,11302,116871,126.91377994820792,6.484027791069134,458153,179345,179345,179345,278808,include,2,1
b25_m6,25,6,7822,101424,165.58731232647423,7.2127488991972335,458153,179345,179345,179345,278808,include,2,1
b40_m4,40,4,13574,160808,115.97349155130166,7.935723019236761,458153,179345,179345,179345,278808,include,2,1
b40_m6,40,6,10243,145905,143.01067808331257,8.629647223799951,458153,179345,179345,179345,278808,include,2,1
